<?xml version="1.0" encoding="utf-8"?>
<PRONOM-Report xmlns="http://pronom.nationalarchives.gov.uk">
  <report_format_detail>
    <FileFormat>
      <FormatID>661</FormatID>
      <FormatName>Virtual Reality Modeling Language</FormatName>
      <FormatVersion>1.0</FormatVersion>
      <FormatAliases>VRML (1.0)</FormatAliases>
      <FormatFamilies>
      </FormatFamilies>
      <FormatTypes>Model</FormatTypes>
      <FormatDisclosure>
      </FormatDisclosure>
      <FormatDescription>The Virtual Reality Modeling Language (VRML) is a language for describing multi-participant interactive simulations - virtual worlds networked via the global Internet and hyper-linked with the World Wide Web. All aspects of virtual world display, interaction and internetworking can be specified using VRML. It was created with the goal of becoming the standard language for interactive simulation within the World Wide Web. The first version of VRML allows for the creation of virtual worlds with limited interactive behaviour. These worlds can contain objects which have hyper-links to other worlds, HTML documents or other valid MIME types. Nodes are arranged in hierarchical structures called scene graphs, which also define an ordering of the nodes.</FormatDescription>
      <BinaryFileFormat>Text</BinaryFileFormat>
      <ByteOrders>
      </ByteOrders>
      <ReleaseDate>
      </ReleaseDate>
      <WithdrawnDate>
      </WithdrawnDate>
      <ProvenanceSourceID>180</ProvenanceSourceID>
      <ProvenanceName>The National Archives and Records Administration / The National Archives and Records Administration</ProvenanceName>
      <ProvenanceSourceDate>11 Mar 2005</ProvenanceSourceDate>
      <ProvenanceDescription>Specifications link: http://www.web3d.org/x3d/specifications/vrml/VRML1.0/index.html</ProvenanceDescription>
      <LastUpdatedDate>11 Jun 2012</LastUpdatedDate>
      <FormatNote>
      </FormatNote>
      <FormatRisk>
      </FormatRisk>
      <TechnicalEnvironment>
      </TechnicalEnvironment>
      <FileFormatIdentifier>
        <Identifier>fmt/93</Identifier>
        <IdentifierType>PUID</IdentifierType>
      </FileFormatIdentifier>
      <FileFormatIdentifier>
        <Identifier>model/vrml</Identifier>
        <IdentifierType>MIME</IdentifierType>
      </FileFormatIdentifier>
      <ExternalSignature>
        <ExternalSignatureID>670</ExternalSignatureID>
        <Signature>wrl</Signature>
        <SignatureType>File extension</SignatureType>
      </ExternalSignature>
      <InternalSignature>
        <SignatureID>53</SignatureID>
        <SignatureName>VRML 1.0</SignatureName>
        <SignatureNote>Header</SignatureNote>
        <ByteSequence>
          <ByteSequenceID>157</ByteSequenceID>
          <PositionType>Absolute from BOF</PositionType>
          <Offset>0</Offset>
          <MaxOffset>
          </MaxOffset>
          <IndirectOffsetLocation>
          </IndirectOffsetLocation>
          <IndirectOffsetLength>
          </IndirectOffsetLength>
          <Endianness>
          </Endianness>
          <ByteSequenceValue>2356524D4C2056312E30206173636969</ByteSequenceValue>
        </ByteSequence>
      </InternalSignature>
      <RelatedFormat>
        <RelationshipType>Is previous version of</RelationshipType>
        <RelatedFormatID>662</RelatedFormatID>
        <RelatedFormatName>Virtual Reality Modeling Language</RelatedFormatName>
        <RelatedFormatVersion>2.0</RelatedFormatVersion>
      </RelatedFormat>
    </FileFormat>
    <SearchCriteria>Criteria</SearchCriteria>
  </report_format_detail>
</PRONOM-Report>
