<?xml version="1.0" encoding="utf-8"?>
<PRONOM-Report xmlns="http://pronom.nationalarchives.gov.uk">
  <report_format_detail>
    <FileFormat>
      <FormatID>630</FormatID>
      <FormatName>Rich Text Format</FormatName>
      <FormatVersion>1.4</FormatVersion>
      <FormatAliases>
      </FormatAliases>
      <FormatFamilies>
      </FormatFamilies>
      <FormatTypes>
      </FormatTypes>
      <FormatDisclosure>Partial</FormatDisclosure>
      <FormatDescription>Deprecated in favour of fmt/45</FormatDescription>
      <BinaryFileFormat>Text</BinaryFileFormat>
      <ByteOrders>
      </ByteOrders>
      <ReleaseDate>
      </ReleaseDate>
      <WithdrawnDate>
      </WithdrawnDate>
      <ProvenanceSourceID>1</ProvenanceSourceID>
      <ProvenanceName>Digital Preservation Department / The National Archives</ProvenanceName>
      <ProvenanceSourceDate>11 Mar 2005</ProvenanceSourceDate>
      <ProvenanceDescription>
      </ProvenanceDescription>
      <LastUpdatedDate>25 Oct 2012</LastUpdatedDate>
      <FormatNote>
      </FormatNote>
      <FormatRisk>
      </FormatRisk>
      <TechnicalEnvironment>
      </TechnicalEnvironment>
      <FileFormatIdentifier>
        <Identifier>fmt/49</Identifier>
        <IdentifierType>PUID</IdentifierType>
      </FileFormatIdentifier>
      <RelatedFormat>
        <RelationshipType>Has lower priority than</RelationshipType>
        <RelatedFormatID>631</RelatedFormatID>
        <RelatedFormatName>Rich Text Format</RelatedFormatName>
        <RelatedFormatVersion>1.5-1.6</RelatedFormatVersion>
      </RelatedFormat>
      <RelatedFormat>
        <RelationshipType>Has lower priority than</RelationshipType>
        <RelatedFormatID>633</RelatedFormatID>
        <RelatedFormatName>Rich Text Format</RelatedFormatName>
        <RelatedFormatVersion>1.7</RelatedFormatVersion>
      </RelatedFormat>
      <RelatedFormat>
        <RelationshipType>Has lower priority than</RelationshipType>
        <RelatedFormatID>753</RelatedFormatID>
        <RelatedFormatName>Rich Text Format</RelatedFormatName>
        <RelatedFormatVersion>1.8</RelatedFormatVersion>
      </RelatedFormat>
      <RelatedFormat>
        <RelationshipType>Has lower priority than</RelationshipType>
        <RelatedFormatID>1101</RelatedFormatID>
        <RelatedFormatName>Rich Text Format</RelatedFormatName>
        <RelatedFormatVersion>1.9</RelatedFormatVersion>
      </RelatedFormat>
      <RelatedFormat>
        <RelationshipType>Is previous version of</RelationshipType>
        <RelatedFormatID>631</RelatedFormatID>
        <RelatedFormatName>Rich Text Format</RelatedFormatName>
        <RelatedFormatVersion>1.5-1.6</RelatedFormatVersion>
      </RelatedFormat>
    </FileFormat>
    <SearchCriteria>Criteria</SearchCriteria>
  </report_format_detail>
</PRONOM-Report>
