<?xml version="1.0" encoding="utf-8"?>
<PRONOM-Report xmlns="http://pronom.nationalarchives.gov.uk">
  <report_format_detail>
    <FileFormat>
      <FormatID>222</FormatID>
      <FormatName>Initial Graphics Exchange Specification (IGES)</FormatName>
      <FormatVersion>5.x</FormatVersion>
      <FormatAliases>
      </FormatAliases>
      <FormatFamilies>
      </FormatFamilies>
      <FormatTypes>Model</FormatTypes>
      <FormatDisclosure>
      </FormatDisclosure>
      <FormatDescription>Initial Graphics Exchange Specification, or IGES, establishes information structures for the digital representation and exchange of product definition data. It supports exchanging this data among Computer-Aided Design and Computer-Aided Manufacturing (CAD and CAM, respectively) systems.  IGES defines file structure and language formats to represent geometric, topographical, and non-geometric product definition data.  These formats are independent of the modeling method used, and they support data exchange using physical media or electronic communication protocols.</FormatDescription>
      <BinaryFileFormat>Text</BinaryFileFormat>
      <ByteOrders>
      </ByteOrders>
      <ReleaseDate>01 Dec 1999</ReleaseDate>
      <WithdrawnDate>
      </WithdrawnDate>
      <ProvenanceSourceID>180</ProvenanceSourceID>
      <ProvenanceName>The National Archives and Records Administration / The National Archives and Records Administration</ProvenanceName>
      <ProvenanceSourceDate>02 Aug 2005</ProvenanceSourceDate>
      <ProvenanceDescription>Further information about this file format can be obtained at 
http://www.wiz-worx.com/iges5x/version5x/version5x.pdf</ProvenanceDescription>
      <LastUpdatedDate>28 Aug 2012</LastUpdatedDate>
      <FormatNote>
      </FormatNote>
      <FormatRisk>
      </FormatRisk>
      <TechnicalEnvironment>
      </TechnicalEnvironment>
      <FileFormatIdentifier>
        <Identifier>model/iges</Identifier>
        <IdentifierType>MIME</IdentifierType>
      </FileFormatIdentifier>
      <FileFormatIdentifier>
        <Identifier>x-fmt/158</Identifier>
        <IdentifierType>PUID</IdentifierType>
      </FileFormatIdentifier>
      <ExternalSignature>
        <ExternalSignatureID>216</ExternalSignatureID>
        <Signature>iges</Signature>
        <SignatureType>File extension</SignatureType>
      </ExternalSignature>
      <ExternalSignature>
        <ExternalSignatureID>864</ExternalSignatureID>
        <Signature>igs</Signature>
        <SignatureType>File extension</SignatureType>
      </ExternalSignature>
      <InternalSignature>
        <SignatureID>459</SignatureID>
        <SignatureName>Initial Graphics Exchange Specification</SignatureName>
        <SignatureNote>Offset 72 bytes, then section identification character S for Start section; Columns 74-80, section sequence number 1 preceded by leading blanks or zeros; cr/lf or nl;  (Column 73, section identification character S for Start section; Columns 74-80, section sequence number 2 preceded by leading blanks or zeros) or (Column 73, section identification character G for Global section; Columns 74-80, section sequence number 1 preceded by leading blanks or zeros)</SignatureNote>
        <ByteSequence>
          <ByteSequenceID>575</ByteSequenceID>
          <PositionType>Absolute from BOF</PositionType>
          <Offset>72</Offset>
          <MaxOffset>
          </MaxOffset>
          <IndirectOffsetLocation>
          </IndirectOffsetLocation>
          <IndirectOffsetLength>
          </IndirectOffsetLength>
          <Endianness>
          </Endianness>
          <ByteSequenceValue>53(202020202020|303030303030)31(0D0A|0A){72}(5320202020202032|5330303030303032|4720202020202031|4730303030303031)</ByteSequenceValue>
        </ByteSequence>
      </InternalSignature>
    </FileFormat>
    <SearchCriteria>Criteria</SearchCriteria>
  </report_format_detail>
</PRONOM-Report>
