<?xml version="1.0" encoding="utf-8"?>
<PRONOM-Report xmlns="http://pronom.nationalarchives.gov.uk">
  <report_format_detail>
    <FileFormat>
      <FormatID>496</FormatID>
      <FormatName>Lotus Approach View File</FormatName>
      <FormatVersion>97</FormatVersion>
      <FormatAliases>
      </FormatAliases>
      <FormatFamilies>
      </FormatFamilies>
      <FormatTypes>Database</FormatTypes>
      <FormatDisclosure>
      </FormatDisclosure>
      <FormatDescription>Lotus Approach is a relational database management system included in IBM's Lotus SmartSuite for Microsoft Windows.</FormatDescription>
      <BinaryFileFormat>Text</BinaryFileFormat>
      <ByteOrders>
      </ByteOrders>
      <ReleaseDate>
      </ReleaseDate>
      <WithdrawnDate>
      </WithdrawnDate>
      <ProvenanceSourceID>1</ProvenanceSourceID>
      <ProvenanceName>Digital Preservation Department / The National Archives</ProvenanceName>
      <ProvenanceSourceDate>02 Aug 2005</ProvenanceSourceDate>
      <ProvenanceDescription>
      </ProvenanceDescription>
      <LastUpdatedDate>06 Nov 2014</LastUpdatedDate>
      <FormatNote>
      </FormatNote>
      <FormatRisk>
      </FormatRisk>
      <TechnicalEnvironment>
      </TechnicalEnvironment>
      <FileFormatIdentifier>
        <Identifier>application/vnd.lotus-approach</Identifier>
        <IdentifierType>MIME</IdentifierType>
      </FileFormatIdentifier>
      <FileFormatIdentifier>
        <Identifier>x-fmt/333</Identifier>
        <IdentifierType>PUID</IdentifierType>
      </FileFormatIdentifier>
      <Developers>
        <DeveloperID>95</DeveloperID>
        <DeveloperName>
        </DeveloperName>
        <OrganisationName>Lotus Corporation</OrganisationName>
        <DeveloperCompoundName>Lotus Corporation</DeveloperCompoundName>
      </Developers>
      <Support>
        <SupportID>95</SupportID>
        <SupportName>
        </SupportName>
        <OrganisationName>Lotus Corporation</OrganisationName>
        <SupportCompoundName>Lotus Corporation</SupportCompoundName>
      </Support>
      <ExternalSignature>
        <ExternalSignatureID>483</ExternalSignatureID>
        <Signature>apr</Signature>
        <SignatureType>File extension</SignatureType>
      </ExternalSignature>
    </FileFormat>
    <SearchCriteria>Criteria</SearchCriteria>
  </report_format_detail>
</PRONOM-Report>
